Commissioner Regular;critical;OS/2;usWeightClass;WeightClass should be different within sub font family;WeightClass: '400', There is a conflict with 'Commissioner Flair Regular';
Commissioner Bold;critical;OS/2;usWeightClass;WeightClass should be different within sub font family;WeightClass: '700', There is a conflict with 'Commissioner Flair Bold';
Commissioner Italic;critical;OS/2;usWeightClass;WeightClass should be different within sub font family;WeightClass: '400', There is a conflict with 'Commissioner Flair Italic';
Commissioner Bold Italic;critical;OS/2;usWeightClass;WeightClass should be different within sub font family;WeightClass: '700', There is a conflict with 'Commissioner Flair Bold Italic';
Commissioner Flair Regular;critical;OS/2;usWeightClass;WeightClass should be different within sub font family;WeightClass: '400', There is a conflict with 'Commissioner Regular';
Commissioner Flair Bold;critical;OS/2;usWeightClass;WeightClass should be different within sub font family;WeightClass: '700', There is a conflict with 'Commissioner Bold';
Commissioner Flair Italic;critical;OS/2;usWeightClass;WeightClass should be different within sub font family;WeightClass: '400', There is a conflict with 'Commissioner Italic';
Commissioner Flair Bold Italic;critical;OS/2;usWeightClass;WeightClass should be different within sub font family;WeightClass: '700', There is a conflict with 'Commissioner Bold Italic';
Commissioner Loud Regular;critical;OS/2;usWeightClass;WeightClass should be different within sub font family;WeightClass: '400', There is a conflict with 'Commissioner Regular';
Commissioner Loud Bold;critical;OS/2;usWeightClass;WeightClass should be different within sub font family;WeightClass: '700', There is a conflict with 'Commissioner Bold';
Commissioner Loud Italic;critical;OS/2;usWeightClass;WeightClass should be different within sub font family;WeightClass: '400', There is a conflict with 'Commissioner Italic';
Commissioner Loud Bold Italic;critical;OS/2;usWeightClass;WeightClass should be different within sub font family;WeightClass: '700', There is a conflict with 'Commissioner Bold Italic';
